corpus,split,tool,budget,n,errors,mrr,recall@5,avg_seconds,avg_tokens,avg_raw_tokens,over_budget
astria-self,frozen-v1,astria,1000,35,0,0.5695238095238095,0.7571428571428571,0.5507381714285711,965.4285714285714,965.4285714285714,0
astria-self,frozen-v1,graphify,1000,35,0,0.4636054421768707,0.5571428571428572,0.6275371599999998,929.9142857142857,1020.4857142857143,24
astria-self,frozen-v1,astria,4000,35,0,0.5855102040816326,0.7857142857142857,0.5098620828571436,3971.285714285714,3971.285714285714,0
astria-self,frozen-v1,graphify,4000,35,0,0.4636054421768707,0.5571428571428572,0.6615361657142852,3491,5954.171428571429,22
astria-self-v2,corrected-v2,astria,1000,35,0,0.5695238095238095,0.7571428571428571,0.4735968714285749,965.4285714285714,965.4285714285714,0
astria-self-v2,corrected-v2,graphify,1000,35,0,0.4671768707482993,0.5666666666666668,0.5419938085714305,930.7714285714286,1020.4857142857143,24
astria-self-v2,corrected-v2,astria,4000,35,0,0.5855102040816326,0.7857142857142857,0.49670045142856795,3971.5714285714284,3971.5714285714284,0
astria-self-v2,corrected-v2,graphify,4000,35,0,0.4671768707482993,0.5666666666666668,0.5533674228571414,3489.6285714285714,5954.171428571429,22
click,frozen-v1,astria,1000,3,0,1,1,0.3363414333333106,976.3333333333334,976.3333333333334,0
click,frozen-v1,graphify,1000,3,0,0.6666666666666666,1,0.5040333999999954,710.6666666666666,744,2
click,frozen-v1,astria,4000,3,0,1,1,0.38825319999997737,3981,3981,0
click,frozen-v1,graphify,4000,3,0,0.6666666666666666,1,0.4749261333333367,2456,2456,0
click-heldout,additional-validation-v1,astria,1000,2,0,0.75,1,0.36519269999998505,971,971,0
click-heldout,additional-validation-v1,graphify,1000,2,0,0.5,0.5,0.5164638500000001,989,1022,2
click-heldout,additional-validation-v1,astria,4000,2,0,0.75,1,0.34162974999999274,3974,3974,0
click-heldout,additional-validation-v1,graphify,4000,2,0,0.5,0.5,0.4643698499999882,3664.5,3664.5,0
express,frozen-v1,astria,1000,2,0,1,1,0.43739199999999256,987.5,987.5,0
express,frozen-v1,graphify,1000,2,0,0.625,1,0.41583920000001673,973,1609,1
express,frozen-v1,astria,4000,2,0,1,1,0.44226399999999555,3938.5,3938.5,0
express,frozen-v1,graphify,4000,2,0,0.625,1,0.48132494999998016,3079,5938.5,1
express-heldout,additional-validation-v1,astria,1000,2,0,0.6666666666666666,1,0.4679429999999993,976.5,976.5,0
express-heldout,additional-validation-v1,graphify,1000,2,0,0.5,0.5,0.35765555000002497,962.5,962.5,0
express-heldout,additional-validation-v1,astria,4000,2,0,0.6666666666666666,1,0.4653171499999881,3986,3986,0
express-heldout,additional-validation-v1,graphify,4000,2,0,0.5,0.5,0.44874060000001914,3993.5,8148.5,2
ripgrep,frozen-v1,astria,1000,3,0,0.7777777777777777,1,0.35152780000000106,985.6666666666666,985.6666666666666,0
ripgrep,frozen-v1,graphify,1000,3,0,0.8333333333333334,1,0.5492963666666572,994.3333333333334,1049,3
ripgrep,frozen-v1,astria,4000,3,0,0.7777777777777777,1,0.354280700000003,3971.6666666666665,3971.6666666666665,0
ripgrep,frozen-v1,graphify,4000,3,0,0.8333333333333334,1,0.5441202333333204,3829.6666666666665,3829.6666666666665,0
ripgrep-heldout,additional-validation-v1,astria,1000,3,0,0.6666666666666666,1,0.5144514000000004,965,965,0
ripgrep-heldout,additional-validation-v1,graphify,1000,3,0,0.3333333333333333,0.3333333333333333,0.5455332333333596,987.6666666666666,1047,3
ripgrep-heldout,additional-validation-v1,astria,4000,3,0,0.6666666666666666,1,0.48535230000000834,3981.6666666666665,3981.6666666666665,0
ripgrep-heldout,additional-validation-v1,graphify,4000,3,0,0.3333333333333333,0.3333333333333333,0.5534215333333317,3989.6666666666665,9687.666666666666,3
